{"cameraMode":{"drawMode":0,"name":"Shaded","section":"Shading Mode"},"sceneLighting":true,"audioPlay":false,"sceneViewState":{"showFog":true,"showMaterialUpdate":true,"showSkybox":true,"showFlares":true,"showImageEffects":true,"showParticleSystems":true},"in2DMode":false,"pivot":{"x":12.33151626586914,"y":-0.04686093330383301,"z":4.053660869598389},"rotation":{"x":0.10852611809968949,"y":0.44642651081085207,"z":-0.054649729281663898,"w":0.8865320086479187},"size":4.058195114135742,"orthographic":false}